aX,aY,aZ,gX,gY,gZ
0.255,-0.545,1.859,107.971,-6.348,-10.681
0.233,-0.567,1.957,127.625,-0.732,-5.127
0.210,-0.582,2.012,152.954,9.277,2.197
0.187,-0.599,2.012,180.542,23.437,11.353
0.160,-0.601,1.960,205.322,42.358,22.278
0.129,-0.578,1.885,224.365,64.392,37.598
0.130,-0.531,1.836,240.601,86.243,54.688
0.138,-0.477,1.775,257.568,104.431,68.970
0.179,-0.438,1.733,276.245,118.347,76.538
0.170,-0.391,1.662,293.091,127.808,80.933
0.155,-0.365,1.606,308.594,133.972,83.618
0.115,-0.367,1.525,322.205,142.212,87.585
0.078,-0.372,1.406,332.458,153.870,96.741
0.043,-0.308,1.300,334.045,167.358,112.000
0.019,-0.238,1.228,331.848,179.871,127.319
-0.000,-0.152,1.180,332.947,192.993,140.381
0.009,-0.108,1.119,340.393,206.970,151.062
0.009,-0.078,1.026,348.511,220.459,158.386
0.024,-0.023,0.927,352.600,235.229,163.025
0.087,0.022,0.777,354.065,248.535,163.330
0.120,0.033,0.606,346.802,265.137,155.090
0.069,0.025,0.478,330.688,285.889,141.296
-0.030,0.025,0.401,317.200,294.373,130.005
-0.104,-0.007,0.350,312.195,284.058,124.817
-0.132,-0.049,0.343,310.181,266.052,125.183
-0.168,-0.098,0.305,308.228,252.625,129.456
-0.166,-0.130,0.247,302.002,246.887,138.672
-0.172,-0.117,0.158,292.175,246.643,147.156
-0.172,-0.103,0.016,282.104,254.395,151.428
-0.216,-0.083,-0.105,269.104,268.677,149.414
-0.272,-0.091,-0.248,259.155,278.931,143.616
-0.311,-0.090,-0.370,257.385,273.682,138.428
-0.376,-0.056,-0.492,259.827,257.935,133.728
-0.490,0.042,-0.596,257.080,246.460,127.747
-0.596,0.115,-0.730,252.319,240.662,124.268
-0.742,0.231,-0.849,244.385,236.816,124.146
-0.885,0.377,-1.001,237.366,231.018,125.610
-1.001,0.558,-1.235,233.765,225.037,128.906
-1.145,0.818,-1.513,225.830,219.238,135.193
-1.257,1.116,-1.824,212.219,213.623,142.334
-1.302,1.412,-2.182,191.895,208.313,148.071
-1.269,1.644,-2.542,161.682,195.984,148.071
-1.093,1.751,-2.820,124.390,165.833,139.954
-0.739,1.688,-2.933,82.703,116.089,118.652
-0.363,1.474,-2.758,36.194,55.115,81.360
-0.093,1.161,-2.300,-10.986,-4.639,33.630
0.084,0.788,-1.670,-46.143,-49.438,-15.015
0.184,0.393,-1.081,-64.087,-75.623,-58.350
0.194,0.036,-0.651,-64.026,-87.097,-86.609
0.203,-0.281,-0.387,-49.622,-84.351,-96.436
0.242,-0.516,-0.282,-29.358,-67.017,-87.891
0.274,-0.638,-0.291,-13.428,-39.429,-65.247
0.281,-0.602,-0.379,-1.465,-10.254,-36.011
0.300,-0.467,-0.584,12.939,14.343,-9.705
0.284,-0.272,-0.845,24.231,31.372,7.446
0.242,-0.043,-1.083,29.236,37.170,15.503
0.213,0.147,-1.266,29.297,32.837,13.916
0.203,0.279,-1.346,25.574,22.034,5.615
0.208,0.327,-1.311,19.531,8.728,-5.005
0.203,0.328,-1.190,12.756,-4.639,-14.099
0.229,0.269,-1.072,8.728,-12.451,-19.592
0.262,0.197,-0.994,6.409,-12.817,-21.118
0.295,0.129,-0.930,4.578,-10.010,-19.714
0.354,0.062,-0.889,4.883,-7.690,-16.418
0.398,0.013,-0.849,5.432,-5.005,-13.245
0.422,-0.014,-0.828,6.226,-0.916,-11.169
0.416,-0.021,-0.852,8.179,3.967,-9.949
0.381,-0.006,-0.926,9.949,7.812,-9.338
0.348,-0.000,-1.000,9.766,8.850,-8.667
0.296,0.015,-1.029,5.981,8.789,-7.996
0.246,0.021,-1.038,3.357,8.179,-7.141
0.200,0.037,-1.047,2.014,7.568,-5.920
0.175,0.045,-1.059,0.916,7.935,-4.639
0.156,0.061,-1.071,0.732,6.592,-3.906
0.180,0.062,-1.067,1.099,4.700,-3.479
0.213,0.041,-1.041,1.282,3.418,-2.869
0.232,0.030,-0.997,1.099,2.136,-3.235
0.255,0.008,-0.968,3.235,1.465,-3.845
0.264,0.004,-0.954,5.127,1.770,-3.723
0.267,0.007,-0.976,6.653,3.418,-2.808
0.248,0.029,-1.010,6.897,4.333,-2.014
0.232,0.060,-1.052,6.226,4.211,-1.526
0.212,0.093,-1.089,3.906,2.563,-1.526
0.199,0.116,-1.123,0.610,1.160,-2.197
0.192,0.142,-1.142,-3.967,-1.404,-3.235
0.172,0.156,-1.131,-9.399,-3.540,-5.249
0.149,0.158,-1.115,-13.123,-5.005,-8.118
0.135,0.153,-1.115,-15.015,-7.019,-10.193
0.118,0.157,-1.147,-16.846,-9.399,-11.902
0.091,0.159,-1.193,-19.836,-11.963,-13.794
0.049,0.172,-1.241,-24.414,-15.991,-15.259
0.000,0.191,-1.292,-30.029,-21.484,-16.296
-0.033,0.212,-1.347,-36.316,-27.893,-16.785
-0.057,0.232,-1.404,-44.556,-34.973,-16.907
-0.095,0.262,-1.453,-55.725,-42.725,-17.883
-0.136,0.308,-1.480,-68.176,-51.819,-19.409
-0.176,0.332,-1.490,-79.651,-61.523,-21.790
-0.209,0.350,-1.466,-90.454,-71.533,-25.452
-0.233,0.364,-1.430,-100.647,-79.346,-30.151
-0.259,0.371,-1.404,-109.070,-86.121,-35.095
-0.264,0.370,-1.396,-116.089,-94.055,-40.527
-0.251,0.371,-1.404,-124.695,-102.844,-46.204
-0.225,0.369,-1.410,-137.390,-112.793,-53.345
-0.199,0.367,-1.417,-155.151,-123.230,-62.805
-0.176,0.361,-1.411,-176.392,-137.329,-74.585
-0.149,0.364,-1.384,-200.928,-156.006,-87.830
-0.145,0.361,-1.323,-229.431,-176.941,-102.905
-0.198,0.381,-1.221,-259.888,-196.777,-117.798
-0.293,0.393,-1.021,-284.607,-216.064,-128.052
-0.359,0.367,-0.763,-295.105,-233.643,-131.653
-0.318,0.266,-0.621,-291.809,-243.774,-129.883
-0.250,0.193,-0.527,-288.086,-244.690,-124.939
-0.207,0.161,-0.463,-293.884,-236.694,-121.399
-0.196,0.171,-0.377,-306.458,-226.135,-118.713
-0.192,0.197,-0.288,-320.312,-218.872,-115.662
-0.174,0.210,-0.212,-336.182,-214.172,-112.610
-0.204,0.243,-0.101,-348.083,-210.205,-109.863
-0.204,0.240,-0.014,-354.309,-209.473,-105.591
-0.204,0.242,0.065,-353.271,-211.975,-97.107
0.424,-0.613,1.399,80.750,15.381,5.371
0.435,-0.635,1.446,89.050,20.630,11.230
0.444,-0.638,1.509,95.886,28.503,19.043
0.450,-0.647,1.564,104.736,38.391,27.771
0.458,-0.651,1.586,117.249,51.147,36.621
0.455,-0.648,1.597,128.052,68.054,48.950
0.468,-0.620,1.611,138.672,83.435,60.425
0.497,-0.599,1.628,151.428,96.558,67.688
0.508,-0.561,1.629,167.419,107.422,68.909
0.486,-0.530,1.590,188.049,116.455,66.162
0.442,-0.501,1.520,207.886,124.268,62.439
0.398,-0.488,1.452,224.915,132.141,59.021
0.343,-0.477,1.383,237.366,140.625,59.082
0.275,-0.482,1.325,246.399,148.743,63.171
0.232,-0.479,1.272,253.357,156.860,71.350
0.208,-0.464,1.245,254.211,163.086,81.421
0.167,-0.430,1.242,254.272,169.861,88.806
0.133,-0.401,1.220,260.559,182.190,93.445
0.073,-0.352,1.157,271.667,198.486,96.985
0.005,-0.282,1.056,283.630,215.027,100.952
-0.009,-0.221,0.936,292.725,227.905,103.882
-0.029,-0.167,0.808,296.387,237.305,104.736
-0.120,-0.099,0.728,293.518,247.498,101.196
-0.070,-0.161,0.601,289.246,256.836,96.252
-0.089,-0.143,0.494,291.260,262.146,98.572
-0.068,-0.089,0.399,287.292,265.625,99.304
-0.034,-0.105,0.324,283.691,268.921,94.482
-0.042,-0.083,0.314,277.649,267.151,86.121
-0.073,-0.126,0.338,275.269,262.695,73.547
-0.113,-0.154,0.340,282.227,259.766,63.049
-0.206,-0.142,0.289,298.462,259.583,57.739
-0.283,-0.085,0.152,318.298,260.742,55.359
-0.374,-0.007,-0.015,332.397,265.137,56.641
-0.489,0.086,-0.193,335.815,270.081,62.622
-0.598,0.215,-0.374,329.834,270.935,73.730
-0.713,0.356,-0.537,315.552,271.362,89.233
-0.833,0.561,-0.727,297.546,274.536,108.215
-0.974,0.826,-0.964,279.297,285.950,128.296
-1.182,1.191,-1.281,260.986,299.561,147.278
-1.417,1.614,-1.674,247.620,311.768,162.476
-1.558,1.989,-2.150,237.854,319.702,169.189
-1.497,2.256,-2.651,222.778,314.758,158.813
-1.193,2.296,-3.161,195.374,280.762,123.474
-0.793,2.072,-3.593,160.461,210.815,66.895
-0.403,1.660,-3.644,105.957,108.337,4.272
-0.258,1.250,-3.081,22.766,-3.540,-51.758
-0.249,0.806,-2.154,-65.247,-82.153,-92.102
-0.274,0.402,-1.120,-132.446,-112.122,-111.938
-0.264,-0.026,-0.324,-151.428,-106.018,-110.474
-0.086,-0.485,0.023,-118.164,-83.313,-90.027
0.146,-0.815,0.028,-68.848,-54.443,-60.608
0.300,-0.980,-0.129,-30.762,-23.743,-33.752
0.335,-0.995,-0.336,-4.639,2.686,-12.512
0.274,-0.855,-0.520,13.367,21.423,4.089
0.147,-0.626,-0.707,26.855,34.180,17.029
0.042,-0.342,-0.934,37.048,42.297,27.222
-0.027,-0.090,-1.193,41.016,46.082,32.593
-0.070,0.101,-1.383,36.499,45.166,30.701
-0.063,0.245,-1.480,27.283,33.813,24.963
-0.023,0.326,-1.474,18.372,13.489,17.761
0.053,0.358,-1.376,7.812,-4.211,9.460
0.137,0.334,-1.232,-2.075,-15.137,2.625
0.215,0.290,-1.087,-8.606,-21.362,-2.563
0.301,0.227,-0.968,-10.254,-24.475,-5.127
0.371,0.149,-0.884,-8.667,-24.353,-7.324
0.411,0.079,-0.833,-6.470,-20.264,-9.644
0.438,-0.002,-0.811,-3.174,-14.648,-11.169
0.436,-0.057,-0.807,-0.244,-9.644,-11.719
0.413,-0.091,-0.834,2.380,-5.127,-12.512
0.364,-0.109,-0.902,5.127,-1.160,-13.306
0.294,-0.107,-0.976,6.897,2.319,-13.855
0.216,-0.099,-1.032,6.897,4.456,-13.550
0.147,-0.086,-1.070,5.920,4.028,-11.841
0.107,-0.073,-1.096,4.456,2.686,-8.484
0.100,-0.070,-1.099,2.319,1.953,-4.883
0.115,-0.070,-1.073,-0.183,1.038,-1.587
0.145,-0.064,-1.031,-1.587,0.244,0.854
0.183,-0.060,-1.001,-0.427,0.000,1.404
0.197,-0.042,-0.984,1.465,-0.488,0.610
0.207,-0.024,-0.989,3.845,-0.916,-0.977
0.207,-0.001,-1.004,5.676,-0.610,-2.441
0.206,0.009,-1.021,6.348,-0.244,-3.235
0.192,0.023,-1.037,5.615,-0.061,-3.296
0.176,0.040,-1.056,4.028,-0.854,-2.991
0.173,0.049,-1.077,2.014,-1.465,-1.953
0.167,0.055,-1.088,-1.282,-2.686,-1.038
0.160,0.058,-1.084,-5.249,-4.272,-0.854
0.172,0.050,-1.077,-8.423,-5.493,-1.038
0.189,0.029,-1.060,-10.986,-5.981,-1.892
0.204,0.003,-1.023,-12.878,-6.592,-3.357
0.217,-0.025,-0.986,-12.512,-7.568,-4.700
0.227,-0.047,-0.956,-9.888,-8.484,-6.165
0.238,-0.075,-0.946,-5.981,-8.484,-7.019
0.235,-0.086,-0.949,-2.319,-7.324,-7.629
0.228,-0.091,-0.964,1.038,-6.042,-7.629
0.220,-0.088,-0.988,3.052,-4.761,-6.836
0.200,-0.074,-1.017,3.418,-3.540,-5.371
0.178,-0.053,-1.054,2.747,-2.502,-4.028
0.161,-0.024,-1.089,0.732,-2.380,-2.258
0.142,0.006,-1.113,-2.808,-2.991,-0.427
0.124,0.034,-1.136,-6.470,-4.028,0.488
0.104,0.067,-1.161,-10.925,-5.859,0.366
0.063,0.098,-1.191,-14.526,-8.850,-0.793
0.019,0.131,-1.222,-18.555,-11.780,-2.319
-0.017,0.162,-1.266,-22.766,-14.465,-3.357
-0.061,0.188,-1.310,-28.076,-18.677,-2.991
-0.078,0.199,-1.355,-34.729,-23.682,-2.441
-0.089,0.209,-1.372,-43.762,-29.663,-2.014
-0.092,0.208,-1.351,-53.406,-36.499,-2.686
-0.086,0.202,-1.312,-61.890,-43.823,-3.662
-0.076,0.184,-1.266,-68.481,-51.025,-4.150
-0.058,0.159,-1.221,-73.792,-57.739,-4.150
-0.035,0.133,-1.189,-78.247,-63.843,-3.845
-0.020,0.115,-1.176,-82.520,-68.420,-3.906
-0.001,0.101,-1.179,-86.609,-72.998,-4.333
0.026,0.089,-1.188,-91.614,-78.552,-5.005
0.053,0.078,-1.190,-99.548,-85.144,-7.324
0.062,0.066,-1.156,-109.924,-91.919,-11.353
0.065,0.044,-1.089,-120.178,-98.450,-16.174
0.546,-0.497,1.250,111.694,70.801,3.601
0.539,-0.478,1.220,117.554,78.003,5.310
0.526,-0.460,1.185,125.305,82.703,6.165
0.511,-0.431,1.149,133.667,84.900,5.859
0.498,-0.423,1.113,142.639,86.365,5.981
0.483,-0.411,1.068,151.123,88.196,6.470
0.467,-0.405,1.025,158.508,91.553,7.935
0.451,-0.384,0.989,164.185,97.046,9.888
0.447,-0.381,0.958,168.274,102.356,11.230
0.443,-0.390,0.926,172.546,104.919,11.292
0.433,-0.383,0.901,176.453,106.934,11.841
0.417,-0.384,0.887,178.772,110.046,12.695
0.410,-0.396,0.873,179.871,114.868,13.733
0.398,-0.410,0.863,179.749,120.911,15.991
0.370,-0.396,0.850,180.725,129.333,19.592
0.346,-0.378,0.833,184.265,139.648,23.437
0.319,-0.361,0.796,190.979,149.780,26.367
0.293,-0.336,0.753,198.181,159.912,28.687
0.265,-0.314,0.705,204.163,171.082,30.762
0.217,-0.279,0.663,208.984,181.458,32.288
0.242,-0.300,0.574,212.952,191.101,33.142
0.274,-0.356,0.507,219.055,201.782,36.682
0.274,-0.329,0.463,215.332,211.853,40.161
0.255,-0.333,0.430,209.778,219.116,38.635
0.186,-0.291,0.395,206.482,227.051,36.194
0.124,-0.260,0.346,203.369,235.046,34.607
0.098,-0.290,0.271,202.393,240.173,33.691
0.044,-0.276,0.198,201.965,243.958,33.875
0.017,-0.290,0.140,200.928,250.305,33.875
0.006,-0.325,0.097,204.102,254.517,33.630
-0.033,-0.304,0.047,212.097,254.578,34.119
-0.083,-0.201,-0.027,221.619,253.479,33.569
-0.165,-0.115,-0.148,230.042,256.897,27.283
-0.296,-0.030,-0.303,235.168,263.611,19.958
-0.435,0.041,-0.498,238.281,268.250,17.639
-0.561,0.115,-0.732,240.234,269.775,23.621
-0.679,0.231,-1.025,239.563,268.616,35.950
-0.850,0.368,-1.390,236.023,270.508,49.622
-1.041,0.545,-1.792,226.990,277.100,65.552
-1.238,0.734,-2.220,215.149,284.119,86.121
-1.353,0.907,-2.643,200.745,283.630,106.995
-1.229,1.017,-2.967,183.411,263.000,117.981
-0.901,1.019,-3.195,156.006,218.628,109.314
-0.522,0.837,-3.222,112.183,159.363,79.102
-0.245,0.642,-2.944,52.368,88.257,38.391
-0.137,0.448,-2.459,-6.958,6.836,-4.028
-0.042,0.193,-1.877,-46.265,-68.970,-42.419
0.040,-0.020,-1.312,-72.876,-119.812,-72.876
0.064,-0.238,-0.824,-88.074,-138.794,-91.614
0.052,-0.456,-0.463,-86.243,-133.179,-97.534
0.069,-0.668,-0.241,-67.139,-111.450,-91.858
0.109,-0.841,-0.171,-39.429,-83.557,-75.989
0.151,-0.932,-0.212,-12.939,-55.481,-54.932
0.163,-0.953,-0.320,5.798,-27.100,-33.020
0.142,-0.869,-0.467,16.785,-2.136,-12.329
0.105,-0.736,-0.629,22.949,18.433,4.517
0.092,-0.583,-0.803,27.161,35.217,16.663
0.105,-0.438,-0.965,31.006,43.213,24.902
0.145,-0.311,-1.095,33.752,41.321,27.832
0.190,-0.184,-1.171,34.485,30.884,25.146
0.232,-0.090,-1.202,35.095,16.296,18.982
0.273,-0.037,-1.197,34.912,1.648,11.475
0.320,-0.010,-1.164,32.043,-8.911,4.639
0.363,-0.013,-1.116,27.039,-14.771,1.221
0.392,-0.033,-1.062,19.470,-15.320,-1.282
0.422,-0.078,-1.009,11.108,-12.146,-3.357
0.442,-0.127,-0.937,3.967,-9.766,-4.272
0.441,-0.187,-0.873,0.549,-9.033,-5.554
0.419,-0.238,-0.829,0.977,-8.362,-7.263
0.402,-0.290,-0.817,4.639,-6.531,-7.385
0.373,-0.327,-0.824,8.240,-4.089,-7.019
0.329,-0.341,-0.853,11.475,-0.732,-6.287
0.299,-0.344,-0.892,14.404,2.808,-4.944
0.265,-0.337,-0.930,15.503,6.348,-3.723
0.242,-0.338,-0.953,15.137,8.850,-2.258
0.214,-0.322,-0.973,14.465,9.644,-0.610
0.184,-0.295,-0.995,14.221,8.972,1.282
0.172,-0.271,-1.019,14.832,7.935,3.418
0.171,-0.253,-1.027,15.137,6.592,5.432
0.181,-0.239,-1.031,14.465,4.761,7.263
0.195,-0.223,-1.027,13.306,3.174,8.972
0.225,-0.210,-1.023,11.902,2.197,9.827
0.252,-0.207,-1.011,9.949,1.587,9.460
0.267,-0.203,-0.996,7.996,0.793,8.301
0.270,-0.197,-0.990,7.080,0.000,6.409
0.274,-0.194,-0.994,6.592,-1.038,4.517
0.283,-0.200,-1.002,5.920,-2.380,2.991
0.293,-0.211,-0.995,4.089,-4.028,1.343
0.289,-0.217,-0.975,1.526,-4.456,0.000
0.276,-0.221,-0.964,0.916,-4.028,-0.977
0.277,-0.225,-0.962,2.075,-3.662,-1.648
0.277,-0.238,-0.964,3.723,-3.662,-2.441
0.270,-0.240,-0.963,4.578,-3.601,-3.235
0.261,-0.241,-0.959,4.822,-2.930,-3.479
0.255,-0.242,-0.960,5.676,-1.953,-2.808
0.267,-0.245,-0.964,6.226,-1.038,-1.526
0.268,-0.242,-0.967,6.409,-0.916,-0.305
0.267,-0.236,-0.971,6.104,-1.099,0.488
0.268,-0.228,-0.983,6.470,-1.343,1.526
0.279,-0.226,-0.993,6.104,-2.258,1.953
0.283,-0.221,-0.991,4.456,-2.930,2.014
0.289,-0.217,-0.982,2.991,-3.235,1.465
0.287,-0.214,-0.970,2.197,-3.235,0.549
0.292,-0.219,-0.966,2.380,-3.357,-0.610
0.300,-0.228,-0.955,3.113,-3.845,-1.648
0.298,-0.233,-0.945,3.723,-4.272,-2.747
0.293,-0.233,-0.951,4.944,-4.395,-3.662
0.288,-0.229,-0.959,5.615,-4.333,-3.906
0.285,-0.227,-0.968,5.310,-3.723,-3.662
0.286,-0.224,-0.969,4.395,-3.540,-2.991
0.291,-0.223,-0.967,3.967,-3.357,-2.563
0.285,-0.221,-0.962,3.662,-3.540,-2.502
0.280,-0.220,-0.965,4.028,-3.662,-2.197
0.278,-0.217,-0.971,4.639,-3.967,-1.648
0.278,-0.216,-0.977,4.456,-3.845,-0.793
0.280,-0.212,-0.983,3.845,-3.418,-0.183
0.281,-0.206,-0.989,3.235,-3.418,-0.183
0.286,-0.205,-0.995,2.625,-3.601,-0.854
0.292,-0.208,-0.994,1.892,-4.150,-1.709
0.500,-0.507,1.523,149.963,67.017,5.859
0.471,-0.490,1.480,166.260,73.242,6.409
0.446,-0.481,1.418,181.519,77.942,7.202
0.415,-0.448,1.353,194.458,83.313,9.094
0.395,-0.418,1.277,205.505,89.722,11.597
0.377,-0.397,1.202,212.646,97.717,13.489
0.360,-0.399,1.135,215.820,106.567,14.343
0.341,-0.405,1.086,217.834,114.990,15.808
0.305,-0.387,1.046,219.543,121.826,18.433
0.266,-0.362,1.007,221.375,127.991,22.156
0.234,-0.329,0.970,224.426,136.658,27.100
0.222,-0.324,0.919,228.760,144.531,31.799
0.221,-0.303,0.868,231.934,152.161,35.034
0.204,-0.298,0.809,234.009,161.499,36.133
0.160,-0.270,0.743,237.427,173.035,37.598
0.124,-0.242,0.668,240.295,185.120,41.199
0.083,-0.219,0.591,242.859,196.777,46.021
0.034,-0.184,0.518,243.164,208.191,51.697
-0.020,-0.125,0.449,241.699,218.018,57.861
0.065,-0.237,0.337,243.164,226.685,65.552
0.068,-0.213,0.256,244.934,234.802,74.707
0.089,-0.192,0.184,240.906,241.943,78.796
0.105,-0.200,0.123,237.793,250.000,78.613
0.078,-0.155,0.086,232.178,258.118,74.951
0.063,-0.160,0.039,230.896,264.221,68.542
0.042,-0.174,0.017,234.253,268.677,61.401
0.007,-0.188,-0.005,242.920,268.066,56.274
-0.050,-0.196,-0.060,257.263,258.484,53.040
-0.099,-0.177,-0.160,277.588,249.023,54.565
-0.113,-0.131,-0.278,294.250,241.577,61.401
-0.164,-0.054,-0.377,299.805,236.145,67.505
-0.226,0.033,-0.468,296.204,235.840,71.106
-0.258,0.084,-0.580,287.170,239.685,75.623
-0.312,0.142,-0.677,273.010,243.774,81.970
-0.381,0.233,-0.765,257.874,246.338,89.539
-0.496,0.389,-0.855,247.375,248.169,96.863
-0.608,0.562,-0.995,243.652,248.718,101.624
-0.780,0.776,-1.213,245.117,247.681,105.408
-0.982,1.056,-1.513,247.620,245.728,109.192
-1.143,1.349,-1.926,247.620,238.831,111.389
-1.157,1.546,-2.416,239.441,223.206,105.957
-1.013,1.601,-2.850,212.585,195.557,88.074
-0.767,1.489,-3.068,162.659,150.024,60.425
-0.548,1.265,-2.933,92.590,86.914,28.015
-0.437,1.028,-2.492,17.761,17.395,-2.808
-0.307,0.655,-1.903,-39.063,-38.208,-28.503
-0.186,0.329,-1.299,-79.834,-68.481,-45.654
-0.093,-0.012,-0.772,-96.252,-76.050,-54.688
0.020,-0.310,-0.443,-84.900,-69.092,-53.528
0.127,-0.530,-0.294,-57.190,-54.199,-45.471
0.193,-0.655,-0.301,-26.855,-35.828,-34.363
0.217,-0.685,-0.421,0.549,-15.808,-21.606
0.171,-0.613,-0.594,20.752,2.075,-8.911
0.096,-0.483,-0.779,34.119,16.235,0.977
0.015,-0.325,-0.961,40.527,26.306,8.728
-0.049,-0.132,-1.126,41.809,30.884,13.733
-0.074,0.016,-1.265,41.382,29.419,15.259
-0.069,0.143,-1.360,38.269,20.386,14.221
-0.029,0.241,-1.386,29.968,8.728,11.719
0.026,0.291,-1.336,18.677,-2.563,7.690
0.089,0.300,-1.239,6.897,-11.902,5.066
0.159,0.281,-1.140,-2.441,-17.578,3.174
0.240,0.233,-1.052,-9.094,-19.287,1.648
0.301,0.182,-0.972,-13.550,-18.982,0.305
0.335,0.133,-0.913,-14.893,-17.883,-2.258
0.355,0.087,-0.880,-12.634,-16.602,-5.615
0.365,0.037,-0.872,-8.057,-15.625,-8.545
0.368,-0.008,-0.873,-3.845,-13.855,-10.742
0.344,-0.038,-0.882,-0.916,-10.986,-11.230
0.300,-0.049,-0.893,1.465,-6.958,-10.681
0.261,-0.052,-0.926,4.639,-2.747,-8.728
0.220,-0.052,-0.969,7.019,0.671,-6.958
0.185,-0.030,-1.002,8.057,2.808,-5.920
0.153,-0.021,-1.034,9.644,3.174,-5.371
0.135,0.001,-1.056,9.827,3.235,-5.249
0.119,0.006,-1.066,9.155,3.052,-4.578
0.112,0.010,-1.067,7.629,2.319,-4.028
0.114,0.022,-1.059,5.249,1.404,-2.563
0.130,0.020,-1.045,3.906,0.183,-0.427
0.158,0.018,-1.025,1.953,-0.061,1.343
0.170,0.025,-1.008,0.610,-0.061,3.052
0.171,0.037,-1.005,0.610,0.000,3.723
0.156,0.057,-1.013,0.916,-0.061,3.357
0.144,0.072,-1.027,1.526,-0.671,2.747
0.148,0.069,-1.046,2.991,-1.526,2.136
0.157,0.072,-1.055,2.319,-2.991,1.282
0.164,0.060,-1.052,1.404,-4.272,0.061
0.172,0.046,-1.034,0.854,-5.005,-1.648
0.188,0.028,-1.008,0.793,-5.737,-3.052
0.194,0.012,-0.984,1.343,-5.615,-3.967
0.200,0.001,-0.968,3.052,-5.066,-4.211
0.195,0.001,-0.970,5.493,-4.211,-4.211
0.192,0.006,-0.987,7.568,-3.235,-3.845
0.184,0.016,-1.006,8.606,-2.014,-2.563
0.177,0.031,-1.026,8.545,-1.038,-0.977
0.168,0.041,-1.046,7.629,-0.427,0.244
0.166,0.060,-1.064,5.920,-1.038,0.610
0.173,0.062,-1.076,4.761,-2.502,0.671
0.184,0.065,-1.072,2.258,-4.028,-0.122
0.194,0.059,-1.054,0.183,-5.432,-1.465
0.197,0.054,-1.031,-1.465,-6.287,-3.296
0.205,0.040,-1.009,-1.831,-6.775,-4.700
0.219,0.025,-0.992,-1.404,-6.958,-5.737
0.229,0.010,-0.973,-0.854,-6.592,-6.531
0.232,0.000,-0.956,0.427,-6.104,-6.836
0.242,-0.007,-0.947,2.502,-5.493,-6.653
0.243,-0.007,-0.945,4.517,-4.639,-5.798
0.236,0.000,-0.955,6.165,-3.296,-4.944
0.226,0.014,-0.974,7.324,-1.526,-4.089
0.216,0.031,-0.999,8.057,-0.244,-2.869
0.209,0.042,-1.014,8.057,0.244,-1.587
0.205,0.053,-1.024,7.141,0.549,-0.488
0.208,0.059,-1.028,5.432,0.671,0.366
0.209,0.067,-1.030,4.272,0.488,0.793
0.214,0.072,-1.031,3.296,0.366,0.671
0.223,0.069,-1.029,2.197,-0.488,-0.122
0.228,0.062,-1.015,1.404,-1.282,-0.977
0.229,0.053,-0.999,0.977,-1.953,-2.014
0.224,0.045,-0.987,0.916,-1.587,-2.686
0.566,-0.736,1.360,49.683,-8.484,-18.005
0.554,-0.760,1.436,58.838,-4.700,-15.625
0.543,-0.783,1.507,69.092,1.770,-12.268
0.532,-0.801,1.566,82.581,11.780,-7.751
0.521,-0.799,1.594,98.694,23.865,-3.540
0.508,-0.794,1.587,115.784,35.889,0.488
0.495,-0.783,1.560,132.324,46.143,3.662
0.473,-0.768,1.521,148.315,53.223,6.409
0.449,-0.748,1.479,163.940,57.434,8.606
0.415,-0.714,1.440,177.856,60.730,10.254
0.360,-0.672,1.409,189.514,63.660,11.414
0.317,-0.654,1.370,200.684,67.627,13.306
0.280,-0.644,1.335,210.327,73.303,18.127
0.254,-0.633,1.312,216.553,80.139,26.245
0.243,-0.614,1.298,222.107,88.074,36.377
0.254,-0.598,1.293,228.333,95.093,46.143
0.257,-0.581,1.303,235.229,99.670,52.917
0.244,-0.545,1.320,242.432,104.187,57.434
0.223,-0.533,1.343,249.390,110.046,60.974
0.163,-0.483,1.371,257.080,119.141,64.148
0.098,-0.411,1.356,270.813,132.019,69.519
0.022,-0.322,1.306,289.062,146.667,75.867
-0.060,-0.221,1.218,307.190,161.072,82.336
-0.133,-0.127,1.109,322.937,174.927,90.027
-0.194,-0.049,1.008,330.750,188.843,98.938
-0.212,0.008,0.878,329.651,201.721,107.483
-0.105,-0.075,0.728,328.369,216.797,115.784
-0.130,-0.002,0.648,317.993,236.572,120.178
-0.194,0.039,0.620,306.274,254.395,118.896
-0.246,0.089,0.601,303.223,267.456,119.873
-0.260,0.152,0.535,307.922,272.644,120.239
-0.273,0.184,0.432,318.665,276.855,118.469
-0.255,0.198,0.281,333.984,282.288,118.286
-0.323,0.357,0.148,348.633,284.485,121.582
-0.422,0.569,-0.005,354.858,284.241,123.352
-0.553,0.730,-0.177,353.210,287.720,122.375
-0.699,0.932,-0.392,347.473,293.152,128.174
-0.848,1.181,-0.717,339.966,299.377,143.555
-1.064,1.470,-1.157,328.735,312.378,165.466
-1.393,1.862,-1.666,307.434,336.609,190.979
-1.753,2.296,-2.299,280.640,364.014,220.825
-1.950,2.636,-3.034,253.113,370.300,244.690
-1.783,2.764,-3.849,221.375,331.482,243.835
-1.203,2.525,-4.000,170.837,244.080,201.355
-0.583,2.051,-4.000,79.895,126.099,128.723
-0.348,1.614,-3.573,-46.875,0.183,47.913
-0.279,1.094,-2.307,-153.015,-100.525,-28.076
-0.254,0.661,-1.097,-212.036,-156.006,-88.013
-0.216,0.115,-0.171,-204.651,-174.744,-123.596
-0.010,-0.460,0.295,-145.752,-158.508,-132.141
0.206,-0.903,0.392,-82.275,-117.859,-118.652
0.321,-1.172,0.261,-30.212,-70.862,-93.018
0.316,-1.267,0.057,3.784,-29.785,-63.171
0.215,-1.189,-0.153,24.780,-0.549,-30.334
0.094,-0.960,-0.399,40.588,23.193,4.700
-0.005,-0.656,-0.691,50.476,47.607,37.781
-0.072,-0.334,-1.014,52.368,66.956,62.378
-0.092,-0.065,-1.304,48.340,73.059,73.975
-0.051,0.156,-1.509,42.114,62.805,70.007
-0.001,0.325,-1.594,35.400,38.879,52.795
0.040,0.434,-1.564,29.602,9.399,29.297
0.098,0.471,-1.463,23.926,-15.930,5.981
0.172,0.444,-1.334,16.968,-33.569,-8.728
0.257,0.376,-1.197,7.874,-41.199,-16.357
0.346,0.278,-1.053,-1.587,-42.053,-18.005
0.437,0.188,-0.914,-9.460,-39.185,-16.357
0.511,0.079,-0.802,-13.062,-34.180,-14.282
0.560,-0.001,-0.726,-13.000,-28.076,-13.367
0.569,-0.069,-0.701,-10.681,-21.362,-13.550
0.533,-0.113,-0.716,-5.798,-14.343,-13.123
0.472,-0.136,-0.759,0.488,-7.385,-11.475
0.401,-0.137,-0.830,6.042,-0.061,-8.057
0.341,-0.128,-0.915,10.437,6.104,-4.150
0.278,-0.114,-0.993,11.902,10.376,-1.587
0.230,-0.097,-1.054,11.475,11.536,0.366
0.203,-0.086,-1.097,9.521,10.803,1.343
0.185,-0.075,-1.094,6.226,9.338,0.854
0.181,-0.075,-1.075,4.395,5.554,-0.671
0.176,-0.067,-1.048,4.211,1.343,-2.136
0.180,-0.066,-1.023,4.639,-1.831,-3.418
0.199,-0.071,-1.005,5.493,-4.211,-2.502
0.221,-0.070,-0.991,5.554,-4.395,-0.549
0.249,-0.068,-0.975,4.456,-3.296,1.892
0.264,-0.051,-0.957,3.174,-2.686,4.883
0.276,-0.033,-0.939,2.563,-1.770,7.263
0.287,-0.016,-0.943,3.418,-0.305,8.484
0.286,0.001,-0.957,4.456,1.343,9.094
0.283,0.018,-0.980,5.127,2.686,8.789
0.274,0.034,-1.003,5.615,3.174,7.874
0.265,0.043,-1.014,5.920,2.808,6.165
0.255,0.048,-1.023,6.226,2.808,4.028
0.245,0.042,-1.029,6.226,2.380,1.953
0.243,0.031,-1.034,7.080,1.343,0.610
0.242,0.016,-1.031,7.019,0.122,0.183
0.249,0.001,-1.025,6.287,-1.038,0.427
0.256,-0.008,-1.019,5.127,-2.014,0.977
0.269,-0.017,-1.016,3.845,-2.930,1.099
0.271,-0.024,-1.003,2.441,-3.174,0.793
0.275,-0.030,-0.993,1.770,-3.845,0.793
0.278,-0.034,-0.989,2.075,-4.578,0.854
0.276,-0.033,-0.983,1.831,-4.822,1.160
0.276,-0.028,-0.981,2.075,-4.517,1.099
0.279,-0.021,-0.986,2.380,-4.272,0.854
0.279,-0.017,-0.983,2.563,-3.845,0.122
0.278,-0.010,-0.981,3.357,-3.540,-0.977
0.281,-0.011,-0.980,4.395,-3.113,-1.892
0.278,-0.009,-0.980,5.554,-2.563,-2.625
0.280,-0.005,-0.982,6.775,-2.136,-2.808
0.290,-0.006,-0.988,7.141,-1.648,-2.747
0.292,-0.002,-0.984,5.981,-1.343,-2.686
0.301,-0.005,-0.978,5.798,-1.648,-2.502
0.306,-0.004,-0.970,5.920,-2.380,-2.014
0.311,-0.004,-0.968,6.104,-2.686,-1.404
0.314,-0.004,-0.967,6.165,-2.563,-0.671
0.315,-0.001,-0.966,5.859,-1.587,-0.305
0.316,0.000,-0.971,5.615,-0.671,0.305
0.317,0.004,-0.979,5.432,-0.549,0.732
0.318,0.005,-0.982,5.005,-0.244,0.671
0.316,0.009,-0.984,4.700,-0.244,0.244
0.621,-0.640,1.638,129.028,57.922,46.204
0.625,-0.597,1.646,145.447,66.406,49.316
0.623,-0.556,1.640,164.978,74.036,47.729
0.617,-0.514,1.613,185.181,81.604,43.396
0.612,-0.481,1.578,203.186,89.355,36.011
0.618,-0.467,1.534,219.055,99.304,25.879
0.588,-0.474,1.508,230.469,112.366,13.428
0.512,-0.493,1.501,241.333,123.718,3.601
0.441,-0.505,1.488,256.409,131.348,0.183
0.363,-0.468,1.464,274.292,136.475,2.197
0.290,-0.410,1.404,294.006,144.592,6.409
0.224,-0.367,1.262,313.110,160.034,12.390
0.150,-0.330,1.084,321.838,181.091,21.118
0.078,-0.339,0.908,315.918,197.083,32.349
0.016,-0.335,0.774,301.147,203.796,49.011
0.010,-0.331,0.704,280.212,207.092,69.519
-0.014,-0.312,0.701,259.766,214.294,86.182
-0.049,-0.262,0.702,246.765,224.792,97.412
-0.059,-0.206,0.647,243.896,234.192,104.065
-0.102,-0.166,0.547,244.873,244.141,105.225
-0.169,-0.116,0.472,242.920,254.211,104.431
-0.163,-0.163,0.363,242.249,262.939,106.995
-0.145,-0.150,0.247,244.690,268.433,113.953
-0.130,-0.131,0.128,247.070,270.569,120.117
-0.130,-0.118,0.028,246.765,270.142,122.437
-0.130,-0.100,-0.032,243.958,267.456,123.657
-0.116,-0.104,-0.083,241.150,264.465,123.291
-0.119,-0.107,-0.121,240.784,262.146,120.728
-0.138,-0.094,-0.179,245.239,261.353,118.103
-0.171,-0.063,-0.255,252.686,262.329,114.990
-0.207,-0.002,-0.341,260.864,262.268,112.244
-0.294,0.084,-0.418,265.625,258.789,108.704
-0.384,0.177,-0.509,268.188,253.235,104.614
-0.492,0.276,-0.612,268.555,245.239,101.868
-0.575,0.391,-0.773,266.968,237.305,100.952
-0.677,0.517,-0.948,260.986,231.567,102.905
-0.773,0.691,-1.149,251.221,226.379,108.948
-0.888,0.919,-1.409,238.281,221.375,117.065
-1.015,1.180,-1.714,218.750,216.309,123.230
-1.144,1.465,-2.053,194.275,203.918,126.953
-1.170,1.700,-2.390,168.030,179.810,124.939
-1.045,1.827,-2.661,136.536,145.935,112.427
-0.813,1.813,-2.766,94.971,104.431,83.618
-0.546,1.602,-2.651,46.387,58.105,42.725
-0.345,1.312,-2.251,-7.141,8.850,-0.610
-0.157,0.883,-1.724,-49.988,-29.846,-40.344
-0.035,0.478,-1.152,-79.224,-50.415,-70.984
0.050,0.063,-0.672,-84.290,-60.120,-88.013
0.131,-0.279,-0.402,-64.453,-62.439,-91.858
0.214,-0.525,-0.345,-35.339,-52.307,-84.290
0.240,-0.649,-0.422,-11.902,-33.264,-68.726
0.213,-0.653,-0.574,3.540,-14.465,-48.523
0.157,-0.571,-0.755,14.587,-2.014,-27.100
0.102,-0.414,-0.913,19.775,5.981,-7.141
0.087,-0.235,-1.058,19.836,12.146,9.521
0.086,-0.062,-1.154,15.259,17.517,19.653
0.099,0.078,-1.198,10.681,16.235,23.071
0.115,0.192,-1.194,7.080,10.193,20.508
0.138,0.271,-1.165,5.554,3.540,13.062
0.164,0.312,-1.124,6.104,-2.808,3.845
0.191,0.316,-1.091,7.507,-8.789,-4.517
0.221,0.291,-1.051,8.179,-14.038,-10.559
0.265,0.252,-1.019,7.141,-17.822,-13.245
0.307,0.204,-0.987,3.601,-17.761,-13.733
0.338,0.153,-0.953,-1.099,-15.625,-12.634
0.364,0.107,-0.927,-4.395,-14.343,-10.071
0.380,0.072,-0.908,-6.409,-13.062,-8.301
0.373,0.045,-0.896,-6.714,-11.230,-7.690
0.356,0.021,-0.897,-4.395,-10.498,-7.385
0.332,0.005,-0.902,-1.587,-9.216,-6.775
0.302,0.001,-0.919,1.099,-6.653,-5.554
0.275,-0.000,-0.948,3.906,-4.456,-4.272
0.251,0.004,-0.984,5.737,-2.563,-2.869
0.227,0.031,-1.003,5.920,-1.160,-1.343
0.218,0.031,-1.021,6.470,-0.732,-0.366
0.213,0.042,-1.023,6.165,-1.038,0.183
0.218,0.045,-1.014,5.188,-1.587,0.427
0.220,0.059,-1.001,4.517,-2.258,0.549
0.231,0.066,-0.992,5.005,-2.502,0.977
0.243,0.074,-0.993,5.310,-2.808,0.916
0.252,0.073,-0.991,5.127,-2.686,0.671
0.255,0.082,-0.984,4.578,-2.380,0.549
0.255,0.087,-0.984,4.944,-2.441,0.610
0.248,0.092,-0.992,5.127,-2.075,0.366
0.240,0.103,-1.002,4.517,-1.465,-0.061
0.227,0.110,-1.011,3.662,-1.160,-0.305
0.226,0.111,-1.017,3.174,-1.343,-0.427
0.223,0.110,-1.022,2.075,-1.709,-0.610
0.224,0.120,-1.028,0.916,-2.380,-0.977
0.230,0.111,-1.020,0.488,-3.235,-1.404
0.232,0.103,-1.013,0.427,-3.784,-2.441
0.238,0.091,-1.017,0.244,-4.272,-3.357
0.241,0.093,-1.012,-0.488,-4.944,-3.967
0.252,0.077,-1.000,-0.488,-5.737,-4.089
0.260,0.063,-0.982,-0.183,-6.226,-4.211
0.272,0.051,-0.975,0.488,-6.470,-4.150
0.285,0.044,-0.973,1.282,-6.592,-3.662
0.292,0.041,-0.969,1.526,-6.042,-3.174
0.294,0.038,-0.960,1.831,-5.554,-2.686
0.301,0.040,-0.959,2.625,-4.822,-2.014
0.301,0.046,-0.965,3.113,-3.845,-1.465
0.297,0.053,-0.974,3.601,-3.174,-1.648
0.294,0.067,-0.985,3.906,-2.991,-1.770
0.284,0.082,-0.997,3.357,-3.113,-2.258
0.275,0.089,-0.998,2.808,-3.357,-2.686
0.269,0.095,-1.000,2.441,-3.357,-2.869
0.266,0.099,-1.004,1.892,-3.357,-2.808
0.274,0.103,-0.989,0.671,-3.723,-2.502
0.280,0.096,-0.980,0.549,-3.601,-2.258
0.284,0.096,-0.981,0.671,-3.540,-2.380
0.291,0.094,-0.988,0.793,-3.540,-2.686
0.293,0.090,-0.984,0.366,-3.784,-2.686
0.294,0.078,-0.975,-0.854,-3.845,-2.808
0.293,0.079,-0.965,-1.282,-3.235,-2.747
0.297,0.071,-0.961,-0.793,-2.686,-2.014
0.294,0.067,-0.953,-0.305,-1.709,-2.014
0.294,0.062,-0.959,0.854,-1.160,-1.953
0.295,0.064,-0.971,1.831,-0.610,-1.404
0.286,0.064,-0.978,2.075,0.305,-1.404
0.592,-0.549,1.362,117.981,32.593,-4.089
0.575,-0.548,1.369,129.578,37.354,-4.211
0.554,-0.547,1.367,139.832,42.847,-4.211
0.528,-0.555,1.359,149.658,49.744,-3.967
0.500,-0.560,1.350,157.776,57.495,-2.686
0.466,-0.566,1.341,165.100,65.613,0.244
0.447,-0.574,1.322,172.791,73.792,4.944
0.425,-0.570,1.302,182.312,82.520,9.888
0.390,-0.546,1.276,192.993,90.210,14.038
0.361,-0.526,1.236,205.261,96.802,17.151
0.328,-0.503,1.183,216.980,102.539,19.958
0.298,-0.493,1.126,226.562,109.375,22.522
0.274,-0.486,1.080,233.459,117.065,25.574
0.269,-0.495,1.047,238.281,124.023,29.419
0.266,-0.495,1.013,242.432,129.456,32.898
0.238,-0.468,0.983,246.338,136.841,35.339
0.213,-0.447,0.939,251.038,147.522,38.391
0.180,-0.392,0.897,254.456,158.813,43.945
0.171,-0.367,0.855,256.104,170.105,48.157
0.137,-0.330,0.816,257.751,180.664,49.561
0.096,-0.283,0.785,261.780,191.650,50.537
0.066,-0.256,0.737,266.541,201.660,52.002
0.039,-0.212,0.675,271.729,209.717,52.185
0.083,-0.283,0.574,279.785,219.604,54.749
0.023,-0.222,0.503,282.043,231.689,59.509
-0.046,-0.190,0.417,282.288,241.760,65.308
-0.108,-0.134,0.338,283.630,249.146,76.416
-0.134,-0.086,0.276,280.884,253.662,86.914
-0.135,-0.064,0.146,279.968,259.827,96.497
-0.161,-0.005,-0.008,279.175,271.301,103.333
-0.184,-0.008,-0.137,274.963,285.583,107.849
-0.177,0.010,-0.205,271.912,286.316,113.037
-0.222,0.101,-0.219,271.545,274.475,115.845
-0.290,0.232,-0.216,273.743,262.390,113.281
-0.357,0.373,-0.287,285.034,254.272,109.619
-0.448,0.534,-0.458,298.218,252.319,105.347
-0.547,0.701,-0.742,306.152,256.897,104.370
-0.715,0.913,-1.068,302.917,263.733,108.887
-0.934,1.189,-1.453,290.466,267.517,117.615
-1.199,1.551,-1.901,271.057,273.254,130.310
-1.440,1.892,-2.417,246.277,273.987,143.433
-1.453,2.121,-2.988,219.177,253.906,149.109
-1.226,2.159,-3.499,179.626,202.637,135.193
-0.828,1.908,-3.691,114.685,132.263,97.046
-0.531,1.581,-3.233,21.057,51.147,44.556
-0.358,1.100,-2.395,-69.458,-25.024,-6.897
-0.169,0.650,-1.491,-127.380,-74.402,-49.011
-0.057,0.204,-0.738,-148.804,-96.863,-80.872
0.086,-0.241,-0.269,-126.465,-101.929,-98.694
0.237,-0.609,-0.063,-80.688,-94.971,-103.455
0.334,-0.849,-0.047,-35.950,-76.355,-97.473
0.336,-0.971,-0.147,-3.113,-49.133,-82.153
0.241,-0.941,-0.307,17.944,-20.081,-59.937
0.102,-0.808,-0.517,31.738,5.188,-32.043
-0.025,-0.608,-0.757,40.527,26.184,-3.235
-0.112,-0.403,-0.990,44.067,39.795,22.400
-0.141,-0.174,-1.205,43.579,41.687,41.382
-0.099,0.015,-1.382,40.344,33.936,51.331
-0.031,0.184,-1.470,29.907,22.949,51.025
0.041,0.291,-1.450,16.418,9.644,42.358
0.113,0.354,-1.363,5.493,-5.798,30.212
0.183,0.374,-1.253,-2.563,-18.311,17.883
0.264,0.344,-1.149,-7.996,-25.818,8.362
0.336,0.287,-1.051,-12.817,-28.870,0.671
0.413,0.205,-0.967,-15.564,-29.602,-4.517
0.475,0.122,-0.886,-17.273,-29.297,-8.362
0.511,0.035,-0.820,-17.456,-27.100,-11.902
0.502,-0.034,-0.770,-14.893,-22.583,-14.771
0.468,-0.090,-0.760,-9.583,-17.029,-15.686
0.426,-0.126,-0.796,-2.258,-10.742,-14.648
0.376,-0.139,-0.854,3.479,-4.395,-12.268
0.324,-0.133,-0.911,6.714,0.610,-9.521
0.284,-0.122,-0.962,8.118,3.662,-6.470
0.256,-0.109,-0.992,7.812,5.310,-4.089
0.236,-0.096,-1.009,6.836,6.348,-2.502
0.215,-0.084,-1.016,5.981,7.202,-1.770
0.199,-0.075,-1.019,6.226,7.019,-1.526
0.185,-0.064,-1.021,6.775,5.554,-1.465
0.187,-0.052,-1.027,7.202,3.967,-0.793
0.197,-0.041,-1.021,6.348,2.563,1.160
0.206,-0.028,-1.007,5.127,1.709,3.174
0.223,-0.014,-1.003,4.578,1.648,5.615
0.242,-0.007,-1.000,3.723,1.892,7.507
0.249,-0.001,-0.997,2.380,1.953,8.545
0.256,-0.001,-0.992,1.343,1.770,8.911
0.255,0.002,-0.986,0.977,1.770,8.484
0.255,0.003,-0.991,1.770,1.953,6.836
0.248,0.005,-0.996,3.174,1.343,4.395
0.244,0.003,-1.009,5.188,0.488,1.770
0.239,-0.002,-1.026,6.226,-0.244,-0.793
0.231,-0.005,-1.028,5.432,-0.793,-3.113
0.219,-0.013,-1.027,4.150,-1.526,-4.150
0.217,-0.020,-1.022,3.906,-2.380,-4.150
0.221,-0.026,-1.018,2.991,-2.869,-3.479
0.223,-0.025,-1.006,2.014,-3.418,-1.831
0.232,-0.028,-1.001,1.709,-3.601,-0.122
0.249,-0.028,-0.995,1.587,-3.784,1.404
0.260,-0.026,-0.980,1.282,-3.601,2.380
0.272,-0.026,-0.981,1.892,-3.174,2.686
0.278,-0.019,-0.988,2.930,-2.563,2.319
0.277,-0.015,-0.996,3.296,-2.502,1.160
0.271,-0.013,-0.997,3.235,-2.930,-0.610
0.267,-0.013,-0.997,3.357,-3.235,-1.953
0.273,-0.016,-0.996,3.357,-3.052,-2.808
0.274,-0.020,-0.985,3.052,-2.197,-3.723
0.276,-0.028,-0.972,3.418,-1.892,-3.906
0.274,-0.031,-0.966,4.272,-2.136,-3.662
0.272,-0.029,-0.973,4.761,-1.465,-2.808
0.273,-0.024,-0.983,4.639,-0.366,-1.221
0.270,-0.016,-0.987,3.845,0.244,0.183
0.271,-0.007,-0.986,3.113,0.427,1.160
0.269,0.001,-0.987,2.991,0.488,1.648
0.271,0.007,-0.995,2.991,0.488,1.770
0.273,0.010,-1.001,2.869,0.610,1.648
0.270,0.009,-1.002,1.953,0.549,1.099
0.265,0.010,-0.999,1.709,0.122,0.061
0.266,0.007,-1.003,1.648,0.000,-0.854
0.260,0.005,-1.001,1.587,-0.061,-1.892
0.260,-0.002,-0.999,1.648,-0.366,-2.625
0.447,-0.412,0.750,1.831,0.793,0.549
0.447,-0.411,0.752,1.526,0.732,0.549
0.445,-0.411,0.751,1.282,1.099,0.549
0.448,-0.409,0.750,1.160,1.038,0.366
0.449,-0.409,0.750,0.916,0.977,0.183
0.448,-0.410,0.750,0.732,0.671,0.000
0.447,-0.410,0.751,0.549,0.671,-0.061
0.449,-0.412,0.755,0.366,0.610,-0.183
0.448,-0.410,0.754,0.671,0.427,-0.122
0.448,-0.411,0.755,0.916,0.305,-0.366
0.447,-0.413,0.755,1.099,0.244,-0.366
0.448,-0.413,0.754,1.099,0.305,-0.427
0.448,-0.413,0.754,1.038,0.305,-0.427
0.447,-0.412,0.754,1.038,0.488,-0.244
0.446,-0.414,0.756,1.282,0.366,-0.183
0.447,-0.413,0.755,1.587,0.061,-0.305
0.447,-0.412,0.755,2.014,-0.244,-0.305
0.447,-0.413,0.753,2.380,-0.366,-0.427
0.449,-0.413,0.755,2.502,-0.488,-0.305
0.450,-0.412,0.757,2.747,-0.732,-0.244
0.450,-0.414,0.763,3.296,-1.099,-0.488
0.470,-0.421,0.770,3.967,-1.953,-0.854
0.468,-0.399,0.783,3.662,-2.930,-2.686
0.482,-0.421,0.794,5.249,-3.967,-3.174
0.491,-0.417,0.817,6.042,-5.737,-4.028
0.505,-0.431,0.848,6.653,-8.301,-5.249
0.532,-0.445,0.890,8.179,-10.315,-7.507
0.548,-0.454,0.946,10.864,-13.123,-10.132
0.591,-0.494,1.001,14.954,-17.151,-12.573
0.620,-0.510,1.087,18.188,-20.874,-15.808
0.652,-0.543,1.215,22.339,-23.621,-19.287
0.697,-0.592,1.314,31.494,-27.344,-22.522
0.726,-0.665,1.470,42.114,-29.236,-24.719
0.755,-0.699,1.650,49.805,-23.682,-26.917
0.775,-0.749,1.825,62.988,-12.878,-24.719
0.789,-0.791,1.960,80.933,4.700,-20.752
0.808,-0.810,2.083,101.257,27.649,-16.602
0.821,-0.834,2.188,121.765,50.232,-13.489
0.813,-0.897,2.271,143.311,67.566,-12.268
0.792,-0.921,2.372,165.588,78.308,-13.000
0.748,-0.902,2.451,195.068,82.886,-15.625
0.670,-0.856,2.465,232.056,86.304,-18.188
0.526,-0.764,2.432,271.240,90.637,-19.836
0.339,-0.631,2.338,309.692,96.741,-17.090
0.180,-0.555,2.171,343.506,106.567,-7.874
0.020,-0.454,1.993,367.859,119.263,8.545
-0.093,-0.320,1.801,383.057,133.179,32.471
-0.180,-0.128,1.574,390.259,150.940,59.937
-0.267,0.052,1.359,386.536,175.232,82.764
-0.352,0.178,1.171,373.047,201.355,99.609
-0.400,0.231,1.021,357.727,222.778,114.014
-0.425,0.273,0.904,344.055,236.511,126.709
-0.458,0.337,0.792,336.182,244.995,137.146
-0.476,0.364,0.671,333.557,252.502,144.409
-0.502,0.396,0.565,328.796,258.911,150.513
-0.480,0.421,0.435,319.092,264.832,153.809
-0.390,0.296,0.281,312.500,273.987,158.813
-0.317,0.280,0.141,303.467,283.020,164.307
-0.252,0.273,0.014,292.297,291.077,164.062
-0.230,0.269,-0.063,277.832,296.204,156.982
-0.204,0.248,-0.112,264.771,296.143,147.461
-0.227,0.247,-0.136,258.972,289.856,137.756
-0.228,0.240,-0.189,264.465,282.837,129.456
-0.235,0.302,-0.272,279.236,278.442,124.756
-0.269,0.411,-0.378,291.992,275.574,119.934
-0.348,0.504,-0.469,294.189,272.278,112.000
-0.460,0.612,-0.556,292.603,268.372,104.614
-0.599,0.749,-0.701,290.894,266.541,101.379
-0.740,0.906,-0.925,288.391,267.517,101.868
-0.909,1.112,-1.245,282.288,269.592,104.431
-1.153,1.412,-1.625,269.226,268.005,107.605
-1.389,1.756,-2.066,251.709,258.545,111.145
-1.525,2.046,-2.544,230.530,239.563,111.694
-1.432,2.200,-2.999,198.059,205.078,103.577
-1.124,2.109,-3.304,148.010,154.297,80.811
-0.722,1.760,-3.263,76.111,93.628,43.640
-0.483,1.401,-2.757,-13.428,26.123,-0.610
-0.321,0.860,-1.991,-85.693,-33.875,-43.274
-0.187,0.409,-1.170,-129.211,-76.416,-79.224
-0.099,-0.038,-0.493,-135.193,-98.389,-101.196
0.035,-0.438,-0.101,-104.980,-94.727,-107.483
0.176,-0.726,-0.004,-58.289,-71.289,-100.098
0.240,-0.886,-0.104,-14.954,-40.466,-84.473
0.212,-0.895,-0.312,16.785,-12.024,-62.927
0.129,-0.770,-0.549,36.438,8.667,-37.720
0.050,-0.557,-0.796,45.654,25.391,-12.024
-0.066,-0.309,-1.005,43.640,42.419,10.193
-0.137,-0.089,-1.208,38.269,50.232,28.503
-0.148,0.153,-1.360,31.982,42.175,41.565
-0.097,0.317,-1.445,24.475,28.137,45.288
-0.025,0.431,-1.439,14.099,12.939,39.063
0.051,0.479,-1.365,4.822,-3.174,27.466
0.137,0.475,-1.251,-1.526,-18.921,15.076
0.230,0.430,-1.141,-5.798,-30.212,4.150
0.319,0.346,-1.028,-10.376,-33.691,-3.906
0.391,0.248,-0.919,-14.465,-32.349,-9.094
0.438,0.158,-0.826,-16.174,-29.480,-13.000
0.464,0.070,-0.769,-13.611,-25.085,-15.991
0.459,0.006,-0.754,-8.728,-19.348,-17.517
0.429,-0.041,-0.771,-3.052,-13.794,-16.357
0.381,-0.053,-0.826,2.563,-8.118,-13.611
0.324,-0.041,-0.899,6.836,-2.563,-9.705
0.268,-0.017,-0.962,7.874,1.770,-5.554
0.216,0.016,-1.009,6.531,4.395,-2.258
0.181,0.045,-1.040,4.578,5.737,1.099
0.161,0.065,-1.058,2.502,6.470,3.540
0.166,0.069,-1.067,0.854,6.775,4.578
0.169,0.070,-1.059,-0.427,5.981,3.784
0.175,0.057,-1.043,-1.221,3.174,1.709
0.179,0.046,-1.020,-0.732,-0.305,0.244
0.185,0.033,-0.997,-0.427,-2.625,-0.183
0.203,0.025,-0.985,0.061,-3.357,0.793
0.223,0.023,-0.984,0.427,-2.808,2.136
0.234,0.031,-0.989,0.183,-2.380,3.479
0.235,0.048,-0.989,-0.671,-1.953,4.456
0.226,0.066,-0.986,-1.282,-1.038,4.883
0.209,0.081,-0.989,-0.854,0.366,4.822
0.196,0.071,-1.009,0.244,1.221,4.822
0.191,0.109,-1.015,0.244,1.831,4.456
0.569,-0.606,1.392,62.927,-8.179,-22.949
0.566,-0.647,1.469,79.163,-7.080,-25.757
0.541,-0.703,1.541,96.741,-2.686,-27.771
0.523,-0.763,1.612,115.906,6.897,-26.733
0.505,-0.804,1.663,136.475,19.592,-21.973
0.473,-0.826,1.685,160.034,30.396,-15.564
0.428,-0.845,1.677,185.425,35.400,-7.812
0.388,-0.853,1.666,210.999,37.354,0.854
0.374,-0.870,1.670,233.093,41.260,11.414
0.343,-0.841,1.699,249.939,49.805,21.912
0.326,-0.831,1.719,268.433,63.782,30.396
0.313,-0.796,1.699,292.053,80.933,38.147
0.319,-0.752,1.625,314.575,96.985,42.297
0.283,-0.719,1.540,331.482,112.793,39.490
0.220,-0.710,1.435,345.886,126.343,34.729
0.129,-0.720,1.340,358.032,134.827,34.241
0.035,-0.748,1.291,367.249,138.123,39.673
-0.043,-0.702,1.281,376.465,140.747,52.490
-0.050,-0.654,1.218,381.042,147.217,68.848
-0.074,-0.585,1.152,378.235,160.278,81.665
-0.096,-0.551,1.089,374.939,177.002,91.370
-0.167,-0.488,1.032,371.399,188.904,98.816
-0.264,-0.420,0.992,370.300,193.970,107.483
-0.340,-0.289,0.878,372.620,200.745,121.887
-0.393,-0.210,0.760,366.211,211.121,136.963
-0.506,-0.073,0.699,353.760,226.807,152.405
-0.509,-0.011,0.585,343.140,233.704,169.312
-0.451,0.030,0.439,337.402,234.009,182.800
-0.410,0.083,0.286,336.731,236.267,190.613
-0.402,0.138,0.166,333.801,235.718,191.406
-0.384,0.198,0.044,330.078,227.844,188.354
-0.388,0.264,-0.052,325.623,218.140,182.678
-0.371,0.306,-0.166,320.007,210.693,178.162
-0.358,0.358,-0.295,313.599,206.482,175.964
-0.389,0.505,-0.379,308.167,203.552,175.781
-0.458,0.693,-0.441,303.223,194.153,175.598
-0.543,0.895,-0.526,295.898,183.228,173.584
-0.650,1.125,-0.707,286.316,178.772,174.377
-0.802,1.401,-0.974,268.372,181.519,182.617
-0.961,1.763,-1.340,244.202,190.247,198.730
-1.108,2.175,-1.807,212.769,201.782,216.736
-1.215,2.596,-2.305,171.631,208.191,224.548
-1.194,2.836,-2.769,129.761,193.604,213.013
-0.989,2.853,-3.090,87.280,149.780,177.979
-0.616,2.529,-3.138,39.124,80.750,120.972
-0.300,2.014,-2.675,-22.278,9.216,49.805
-0.045,1.325,-1.948,-82.886,-42.908,-21.545
0.087,0.694,-1.133,-121.582,-70.496,-80.322
0.110,0.105,-0.395,-127.258,-82.764,-122.314
0.142,-0.431,0.015,-92.712,-83.374,-144.348
0.182,-0.810,0.059,-41.382,-65.369,-143.799
0.200,-1.023,-0.157,0.977,-33.325,-123.291
0.135,-1.046,-0.433,24.780,-5.737,-91.614
0.015,-0.931,-0.683,35.645,9.216,-55.359
-0.104,-0.699,-0.921,37.537,20.264,-18.616
-0.182,-0.405,-1.121,29.968,31.189,17.944
-0.177,-0.133,-1.274,18.372,37.659,50.659
-0.120,0.134,-1.344,7.019,32.532,72.144
-0.024,0.337,-1.355,-0.854,20.691,75.745
0.087,0.480,-1.319,-3.662,5.615,65.186
0.198,0.548,-1.235,-4.395,-9.766,46.448
0.284,0.553,-1.125,-3.235,-21.912,24.353
0.345,0.517,-1.028,-1.465,-29.663,3.357
0.389,0.447,-0.957,0.488,-33.508,-12.573
0.426,0.353,-0.916,1.953,-33.264,-22.583
0.455,0.256,-0.890,1.282,-29.663,-26.550
0.458,0.173,-0.864,-1.587,-23.682,-27.039
0.442,0.103,-0.844,-4.089,-18.311,-25.085
0.420,0.048,-0.847,-4.700,-13.794,-21.362
0.396,0.012,-0.877,-3.540,-9.338,-16.663
0.373,-0.003,-0.912,-2.747,-5.066,-11.353
0.354,-0.006,-0.935,-2.808,-1.282,-6.653
0.326,-0.006,-0.946,-3.235,0.732,-3.967
0.304,-0.000,-0.955,-2.747,1.587,-2.075
0.284,0.007,-0.969,-2.014,1.892,-1.160
0.267,0.011,-0.972,-1.465,2.625,-1.465
0.248,0.013,-0.963,-0.366,3.174,-2.380
0.228,0.019,-0.961,1.770,3.174,-2.869
0.223,0.032,-0.973,4.272,2.808,-2.747
0.226,0.047,-0.987,5.981,2.197,-1.770
0.225,0.065,-0.982,6.592,1.526,-0.610
0.225,0.083,-0.980,7.446,0.793,0.916
0.230,0.102,-0.995,7.874,0.977,3.174
0.239,0.121,-1.013,7.019,1.709,5.249
0.246,0.126,-1.020,4.272,1.648,7.141
0.242,0.144,-1.021,0.610,1.343,7.446
0.242,0.147,-1.018,-1.343,0.977,7.324
0.240,0.142,-1.009,-3.174,0.854,6.226
0.244,0.136,-1.003,-3.174,0.854,4.700
0.252,0.127,-1.004,-2.808,0.244,2.563
0.252,0.120,-1.002,-2.136,-0.549,-0.183
0.252,0.107,-1.001,-1.099,-1.099,-2.686
0.251,0.095,-0.998,-0.366,-2.014,-4.150
0.253,0.082,-0.993,-0.244,-2.502,-4.639
0.252,0.074,-0.984,-0.427,-2.563,-4.333
0.258,0.067,-0.972,-0.610,-2.502,-3.479
0.265,0.060,-0.956,0.244,-2.808,-2.502
0.270,0.060,-0.953,2.808,-3.540,-1.465
0.274,0.065,-0.963,5.127,-3.845,-1.099
0.282,0.074,-0.978,6.226,-3.174,-0.427
0.287,0.086,-0.991,5.981,-2.075,0.122
0.282,0.099,-0.987,4.639,-1.648,0.122
0.281,0.106,-0.981,3.662,-1.709,-0.122
0.278,0.112,-0.979,3.296,-1.709,0.122
0.275,0.115,-0.981,3.296,-1.160,0.000
0.274,0.115,-0.994,3.357,-0.610,-0.122
0.267,0.116,-0.999,3.418,-0.305,-0.183
0.258,0.115,-1.004,2.686,-0.732,-0.671
0.257,0.122,-1.004,1.953,-1.526,-0.916
0.256,0.112,-1.008,1.160,-2.563,-0.610
0.259,0.114,-1.005,0.000,-2.991,-0.183
0.266,0.107,-0.996,-1.465,-3.174,-0.183
0.272,0.100,-0.982,-2.258,-3.418,-0.122
0.276,0.093,-0.972,-2.197,-4.272,-0.122
0.280,0.090,-0.965,-2.258,-4.272,-0.183
0.283,0.083,-0.961,-2.136,-3.479,-0.183
0.283,0.096,-0.965,-1.343,-2.991,-0.183
0.290,0.090,-0.970,0.549,-3.601,0.061
0.289,0.093,-0.976,0.977,-3.845,-0.061
0.497,-0.665,1.418,105.408,15.381,-3.662
0.497,-0.706,1.451,118.042,21.179,-2.869
0.486,-0.726,1.480,130.432,28.687,-1.953
0.479,-0.755,1.506,141.663,37.292,-2.014
0.467,-0.769,1.523,153.503,46.143,-0.549
0.451,-0.813,1.540,167.603,53.711,2.808
0.434,-0.794,1.538,182.007,60.364,5.310
0.437,-0.791,1.528,196.533,67.017,8.789
0.421,-0.760,1.501,208.740,76.538,11.841
0.409,-0.743,1.484,218.689,88.806,13.489
0.384,-0.734,1.467,228.760,100.403,12.634
0.355,-0.727,1.434,241.455,108.826,11.780
0.333,-0.703,1.384,255.920,113.464,11.963
0.300,-0.649,1.335,270.386,116.516,12.207
0.247,-0.601,1.309,284.912,117.920,10.864
0.201,-0.575,1.280,301.331,115.356,7.629
0.147,-0.560,1.227,318.359,111.877,4.944
0.083,-0.551,1.175,330.200,110.474,6.104
0.021,-0.531,1.127,336.792,111.938,13.367
-0.026,-0.499,1.075,338.562,121.216,24.902
-0.076,-0.467,1.025,335.266,138.611,38.330
-0.129,-0.425,0.988,330.872,160.400,52.612
-0.177,-0.357,0.957,329.346,177.002,67.993
-0.214,-0.279,0.920,332.642,188.477,81.604
-0.272,-0.200,0.863,336.060,203.613,91.980
-0.338,-0.078,0.770,337.952,221.741,105.408
-0.334,-0.052,0.603,339.294,240.417,120.972
-0.326,0.020,0.419,338.867,257.812,135.986
-0.297,0.037,0.248,332.886,268.677,147.644
-0.296,0.054,0.162,320.984,270.752,154.236
-0.311,0.117,0.129,313.904,259.827,157.227
-0.331,0.208,0.054,314.270,245.911,157.349
-0.324,0.261,-0.076,316.223,238.708,157.593
-0.316,0.350,-0.227,316.467,238.403,158.630
-0.356,0.465,-0.342,313.171,241.577,158.691
-0.439,0.634,-0.433,307.190,243.408,158.325
-0.532,0.855,-0.566,301.697,240.173,159.119
-0.636,1.111,-0.807,294.617,240.479,159.058
-0.784,1.372,-1.149,281.433,248.047,155.396
-0.987,1.693,-1.580,267.273,248.657,150.696
-1.210,2.061,-2.106,249.512,237.732,144.775
-1.416,2.399,-2.649,221.252,219.788,134.399
-1.471,2.556,-3.092,179.504,194.031,118.042
-1.281,2.462,-3.360,126.892,151.672,92.957
-0.907,2.076,-3.301,60.913,86.365,55.298
-0.578,1.578,-2.755,-20.081,13.000,8.240
-0.236,0.981,-2.012,-93.384,-44.006,-39.124
-0.072,0.480,-1.185,-144.836,-80.139,-81.909
0.028,-0.022,-0.461,-155.884,-98.145,-116.943
0.149,-0.458,-0.049,-124.939,-98.389,-137.634
0.230,-0.783,0.039,-74.829,-82.642,-142.822
0.225,-0.973,-0.078,-26.001,-58.594,-135.132
0.118,-1.020,-0.300,9.583,-35.278,-116.089
-0.063,-0.947,-0.534,28.931,-13.855,-86.792
-0.236,-0.802,-0.753,35.278,4.456,-48.645
-0.346,-0.616,-0.978,33.997,19.836,-6.897
-0.378,-0.384,-1.170,26.123,31.128,30.701
-0.340,-0.193,-1.320,16.602,34.302,59.021
-0.254,-0.014,-1.385,5.005,28.870,74.036
-0.143,0.136,-1.376,-4.150,15.808,76.111
-0.033,0.240,-1.323,-9.949,-0.732,69.641
0.072,0.315,-1.242,-12.329,-14.954,55.481
0.166,0.336,-1.182,-12.268,-26.367,39.368
0.259,0.310,-1.140,-12.329,-33.447,24.475
0.341,0.250,-1.085,-14.893,-37.170,12.512
0.398,0.191,-1.006,-19.409,-38.452,3.479
0.437,0.118,-0.922,-21.545,-37.842,-3.296
0.456,0.051,-0.864,-20.142,-36.743,-7.874
0.459,-0.013,-0.841,-16.296,-34.424,-11.353
0.454,-0.070,-0.836,-11.780,-30.518,-12.573
0.435,-0.121,-0.846,-6.775,-26.306,-13.123
0.399,-0.158,-0.872,-2.686,-21.484,-12.695
0.352,-0.151,-0.897,-0.793,-17.212,-11.353
0.329,-0.172,-0.945,0.244,-14.587,-8.545
0.290,-0.132,-0.940,-2.075,-10.864,-6.836
0.268,-0.152,-0.944,-3.113,-5.859,-6.104
0.252,-0.150,-0.968,-1.343,-2.747,-4.822
0.231,-0.124,-0.985,-1.526,-1.953,-3.967
0.216,-0.115,-1.001,-1.770,-1.648,-2.991
0.193,-0.095,-0.988,-2.502,-1.709,-1.831
0.180,-0.090,-0.970,-1.648,-1.587,-1.160
0.191,-0.094,-0.970,2.380,-1.221,1.099
0.210,-0.088,-0.985,3.906,0.305,4.089
0.226,-0.083,-0.998,3.479,2.197,6.531
0.224,-0.066,-0.999,2.197,3.052,8.240
0.229,-0.065,-1.000,1.038,2.625,8.667
0.218,-0.050,-1.004,-0.488,1.953,8.850
0.225,-0.047,-1.011,-0.793,2.136,8.301
0.227,-0.047,-1.009,-0.977,2.563,6.897
0.225,-0.047,-1.005,-0.183,2.563,4.700
0.227,-0.052,-1.005,1.343,1.099,1.648
0.230,-0.056,-1.007,3.235,0.061,-1.526
0.231,-0.066,-1.011,4.150,-0.854,-4.150
0.233,-0.069,-1.011,4.272,-1.038,-5.493
0.231,-0.072,-1.004,4.028,-1.953,-6.592
0.228,-0.084,-1.000,4.395,-2.747,-7.324
0.234,-0.079,-0.998,4.517,-3.662,-7.446
0.240,-0.089,-0.986,4.883,-4.150,-6.348
0.243,-0.093,-0.979,4.761,-3.540,-5.005
0.249,-0.092,-0.981,5.127,-2.869,-3.723
0.252,-0.087,-0.985,5.127,-2.502,-2.258
0.253,-0.079,-0.988,5.005,-1.526,-1.038
0.252,-0.074,-0.999,4.639,-0.610,-0.610
0.252,-0.065,-1.011,3.601,-0.122,-0.305
0.247,-0.057,-1.007,1.770,-0.122,0.122
0.251,-0.055,-0.998,0.732,0.061,0.061
0.255,-0.053,-0.990,0.854,-0.183,0.061
0.255,-0.053,-0.989,1.831,-0.671,-0.977
0.257,-0.058,-0.995,3.113,-1.343,-2.319
0.261,-0.065,-0.996,3.601,-1.648,-3.235
0.265,-0.068,-0.989,2.747,-1.648,-4.028
0.267,-0.073,-0.979,2.319,-1.709,-4.517
0.270,-0.076,-0.970,2.686,-1.587,-5.005
0.266,-0.079,-0.961,3.723,-1.465,-5.188
0.263,-0.083,-0.965,5.188,-1.099,-5.432
0.263,-0.085,-0.974,6.592,-0.122,-4.822
0.261,-0.081,-0.982,6.226,1.038,-4.150
0.256,-0.078,-0.989,5.920,1.953,-3.906
0.252,-0.075,-0.996,5.554,2.380,-3.296